iter	Logloss
0	0.6827948493
1	0.671516521
2	0.6610903469
3	0.6512846994
4	0.6421564584
5	0.6338858847
6	0.6261300047
7	0.6189329843
8	0.6121388443
9	0.6058377029
10	0.6000352907
11	0.5943195262
12	0.5897201175
13	0.5845485931
14	0.579904087
15	0.576356938
